feature,vif
z_log_duration_sec,19.62977032358749
z_log_num_steps,18.580077012680285
z_similarity,1.5060166232259695
z_target_recipe_n_components,1.3676195334609864
z_attempt_no,1.244495600527647
