feature,vif
z_log_duration_sec,2.665504848537456
z_log_num_steps,2.5175070387422127
z_similarity,1.4531950807474368
z_target_recipe_n_components,1.2739589356140744
z_attempt_no,1.1794254274478693
